time,temperature_2m
2026-09-24 00:00:00,26.5
2026-09-24 01:00:00,26.2
2026-09-24 02:00:00,26.9
2026-09-24 03:00:00,28.1
2026-09-24 04:00:00,29.4
2026-09-24 05:00:00,30.6
2026-09-24 06:00:00,32.1
2026-09-24 07:00:00,33.2
2026-09-24 08:00:00,33.9
2026-09-24 09:00:00,34.5
2026-09-24 10:00:00,34.6
2026-09-24 11:00:00,34.1
2026-09-24 12:00:00,33.3
2026-09-24 13:00:00,31.8
2026-09-24 14:00:00,30.6
2026-09-24 15:00:00,29.7
2026-09-24 16:00:00,29.0
2026-09-24 17:00:00,28.4
2026-09-24 18:00:00,27.8
2026-09-24 19:00:00,27.2
2026-09-24 20:00:00,26.6
2026-09-24 21:00:00,26.1
2026-09-24 22:00:00,25.5
2026-09-24 23:00:00,25.2
